{"name":"build-javascript","namedChunkGroups":{"polyfill":{"name":"polyfill","assets":[{"name":"webpack-runtime-c36415738a95b083becf.js","size":4071},{"name":"polyfill-4718f0fec20e0d09d7f5.js","size":85862}],"filteredAssets":0,"assetsSize":89933,"filteredAuxiliaryAssets":2,"auxiliaryAssetsSize":224019},"app":{"name":"app","assets":[{"name":"webpack-runtime-c36415738a95b083becf.js","size":4071},{"name":"framework-5c7dd05f8d24b4615de0.js","size":140377},{"name":"styles.70821f07a8ade51a625c.css","size":3742},{"name":"app-77f004f33f865965684b.js","size":74429}],"filteredAssets":0,"assetsSize":222619,"filteredAuxiliaryAssets":3,"auxiliaryAssetsSize":706076},"component---cache-caches-gatsby-plugin-offline-app-shell-js":{"name":"component---cache-caches-gatsby-plugin-offline-app-shell-js","assets":[{"name":"component---cache-caches-gatsby-plugin-offline-app-shell-js-d4ffc8c8027273198aca.js","size":539}],"filteredAssets":0,"assetsSize":539,"filteredAuxiliaryAssets":1,"auxiliaryAssetsSize":1660},"component---src-pages-404-js":{"name":"component---src-pages-404-js","assets":[{"name":"e50e9c162871c1d91fba5ce567a5656e16dc6783-35c987e8040aeb3e110d.js","size":16827},{"name":"component---src-pages-404-js-3bce6288aa27a0798cb1.js","size":464}],"filteredAssets":0,"assetsSize":17291,"filteredAuxiliaryAssets":2,"auxiliaryAssetsSize":70920},"component---src-pages-index-js":{"name":"component---src-pages-index-js","assets":[{"name":"e50e9c162871c1d91fba5ce567a5656e16dc6783-35c987e8040aeb3e110d.js","size":16827},{"name":"component---src-pages-index-js-2eed3b9887fd6c69ff9c.js","size":16079}],"filteredAssets":0,"assetsSize":32906,"filteredAuxiliaryAssets":2,"auxiliaryAssetsSize":84493}},"assetsByChunkName":{"polyfill":["webpack-runtime-c36415738a95b083becf.js","polyfill-4718f0fec20e0d09d7f5.js"],"app":["webpack-runtime-c36415738a95b083becf.js","framework-5c7dd05f8d24b4615de0.js","styles.70821f07a8ade51a625c.css","app-77f004f33f865965684b.js"],"component---cache-caches-gatsby-plugin-offline-app-shell-js":["component---cache-caches-gatsby-plugin-offline-app-shell-js-d4ffc8c8027273198aca.js"],"component---src-pages-404-js":["e50e9c162871c1d91fba5ce567a5656e16dc6783-35c987e8040aeb3e110d.js","component---src-pages-404-js-3bce6288aa27a0798cb1.js"],"component---src-pages-index-js":["e50e9c162871c1d91fba5ce567a5656e16dc6783-35c987e8040aeb3e110d.js","component---src-pages-index-js-2eed3b9887fd6c69ff9c.js"]},"childAssetsByChunkName":{}}